identifier,id,formula,Species,U(eV),UErr(eV),J(eV),JErr(eV)
mp-3074,61ee26dc397071236e251693,KAgO,Ag,2.91902,0.0920073,0.74767,0.0412585
mp-6101,61ee26dc397071236e25169a,Ba3Nb6(Si2O13)2,Nb,0.520925,0.0216027,0.16542,0.0105223
mp-23926,61ee26dc6b5f3ffa9e3b0a3f,K2HgH2Cl4O,Hg,0.346278,0.0960956,0.566412,0.0667946
mp-23110,61ee26dc6b5f3ffa9e3b0a4b,NaHg2IO2,Hg,0.662442,0.0602997,0.201613,0.0
mp-8603,61ee26dd397071236e2516a6,RbAgO,Ag,3.26797,0.092182,0.829373,0.0415204
mp-4691,61ee26dd397071236e2516aa,Ag2CO3,Ag,2.79041,0.0989146,0.800377,0.0439796
mp-20930,61ee26dd6b5f3ffa9e3b0a52,InCuO2,Cu,7.08484,0.148064,1.53964,0.0402361
mp-1229124,61ee26de397071236e2516b6,Ag3AsO4,Ag,2.40385,0.127687,0.739265,0.0715823
mp-20222,61ee26de397071236e2516b7,Sr2NbInO6,Nb,0.524074,0.0209258,0.156825,0.0102548
mp-23644,61ee26de6b5f3ffa9e3b0a6b,Hg3AsClO4,Hg,0.541796,0.0903936,0.566412,0.0619202
mp-6090,61ee26de6b5f3ffa9e3b0a72,Na2Cu(CO3)2,Cu,7.37668,0.269314,0.593401,0.0980391
mp-5072,61ee26de6b5f3ffa9e3b0a73,Rb2HgO2,Hg,0.506757,0.0488059,0.436047,0.0
mp-6031,61ee26df397071236e2516cb,Li16Nb2N8O,Nb,0.441547,0.0145143,0.156937,0.00841131
mp-1078295,61ee26e0397071236e2516de,NaNbO3,Nb,0.485273,0.0198518,0.168987,0.00994703
mp-557830,61ee26e0397071236e2516df,Na2Bi5AuO11,Au,1.35984,0.0304298,0.444173,0.0161392
mp-15170,61ee26e06b5f3ffa9e3b0a87,Lu2Sn2O7,Lu,0.570055,0.0651892,0.352014,0.0464693
mp-935811,61ee26e1397071236e2516fa,KNbO3,Nb,0.47349,0.0186546,0.18909,0.00884157
mp-1079292,61ee26e16b5f3ffa9e3b0a8e,CuPb2(ClO2)2,Cu,7.38095,0.301829,0.875632,0.0272571
mp-20046,61ee26e2397071236e25170b,LiCoAsO4,Co,6.05409,0.411606,0.238769,0.0791771
mp-3612,61ee26e2397071236e25170e,NbSbO4,Nb,0.559372,0.0192104,0.183444,0.00951337
mp-19326,61ee26e26b5f3ffa9e3b0aa7,MnO2,Mn,5.03999,0.0895851,0.689968,0.0107043
mp-21877,61ee26e26b5f3ffa9e3b0aab,Mn2GeO4,Mn,4.36961,0.157276,0.208044,0.0657182
mp-644129,61ee26e3397071236e25171b,KNiPH2O5,Ni,5.29765,0.20792,-0.00551831,0.0615373
mp-1191317,61ee26e3397071236e25171e,Sr2CoGe2O7,Co,4.41053,0.143668,0.347221,0.0539238
mp-1105271,61ee26e36b5f3ffa9e3b0ac2,MnBiO3,Mn,5.74561,0.127375,0.443547,0.0166401
mp-19419,61ee26e36b5f3ffa9e3b0acb,LiFeO2,Fe,4.51269,0.0941653,0.955347,0.0144942
mp-18952,61ee26e46b5f3ffa9e3b0ad2,Ca4Mn2O7,Mn,4.88656,0.0790709,0.559882,0.0154005
mp-1196792,61ee26e46b5f3ffa9e3b0ad3,FePO6,Fe,4.14277,0.112592,-0.305401,0.0131058
mp-22427,61ee26e46b5f3ffa9e3b0adf,BaSr(FeO2)4,Fe,3.93738,0.0743722,-0.136212,0.0319718
mp-1078906,61ee26e5397071236e25172e,CoTe(PbO3)2,Co,6.05909,0.314621,0.425946,0.0388645
mp-22616,61ee26e5397071236e25173a,CoSeO3,Co,5.33918,0.164037,-0.0948067,0.0567071
mp-757019,61ee26e56b5f3ffa9e3b0af6,LiFePO4,Fe,4.74438,0.365215,0.201926,0.080552
mp-18762,61ee26e6397071236e251746,Na4CoO3,Co,5.2669,0.124539,0.543059,0.0155869
mp-24025,61ee26e6397071236e251747,NiH12(N3O2)2,Ni,6.1833,0.128808,0.808505,0.0107137
mp-20460,61ee26e6397071236e25174b,NiSeO3,Ni,6.20602,0.127976,0.535686,0.0497702
mp-558835,61ee26e6397071236e25174f,NaNiAsO4,Ni,5.42932,0.152929,0.504426,0.0455128
mp-1191677,61ee26e6397071236e251752,CoBr2(N3O)2,Co,5.27594,0.217134,0.844694,0.00507872
mp-1192289,61ee26e66b5f3ffa9e3b0afb,MnH2Cl2O,Mn,3.39719,0.155652,0.0435234,0.0951228
mp-21867,61ee26e66b5f3ffa9e3b0b02,NaFe(SiO3)2,Fe,4.33607,0.121384,-0.0956795,0.0258293
mp-22354,61ee26e66b5f3ffa9e3b0b03,Mn2Tl2O7,Mn,5.46482,0.121451,0.638845,0.0104433
mp-550206,61ee26e7397071236e251756,CoO2,Co,5.7629,0.137691,1.08236,0.00626302
mp-22417,61ee26e7397071236e251757,LiNiPO4,Ni,5.09435,0.147328,0.421884,0.0492893
mp-23968,61ee26e7397071236e251763,NiH2SeO5,Ni,5.58001,0.19569,0.471157,0.0736344
mp-19115,61ee26e76b5f3ffa9e3b0b06,CaFeO3,Fe,5.59543,0.445069,0.497815,0.00658916
mp-19201,61ee26e76b5f3ffa9e3b0b07,CaMnO3,Mn,5.20437,0.0896794,0.654856,0.00853998
mp-18881,61ee26e8397071236e25176f,KCr4O8,Cr,3.8676,0.101762,0.300275,0.00955883
mp-19770,61ee26e86b5f3ffa9e3b0b1a,Fe2O3,Fe,5.67902,0.20648,0.420212,0.0234597
mp-19349,61ee26e86b5f3ffa9e3b0b1b,NaMn(SiO3)2,Mn,5.57548,0.103178,0.550687,0.0184429
mp-1278892,61ee26e86b5f3ffa9e3b0b2b,Mn2Bi3O7,Mn,5.46387,0.093805,0.50547,0.022227
mp-18775,61ee26e96b5f3ffa9e3b0b36,Fe3PO7,Fe,3.906,0.135875,-0.327027,0.0732006
mp-6739,61ee26eb397071236e25178b,Ba2CaOsO6,Os,1.60467,0.258374,0.226213,0.0158392
mp-22614,61ee26eb6b5f3ffa9e3b0b57,NaFe(GeO3)2,Fe,4.11926,0.141053,-0.380053,0.0513998
mp-1017466,61ee26eb6b5f3ffa9e3b0b5e,SrMnO3,Mn,5.79542,0.281694,0.544791,0.0112097
mp-18890,61ee26eb6b5f3ffa9e3b0b5f,CaFe(SiO3)2,Fe,5.47866,0.141667,-0.870729,0.0577418
mp-18767,61ee26eb6b5f3ffa9e3b0b66,LiMnO2,Mn,5.24472,0.0967853,0.792307,0.0204077
mp-3315,61ee26ec397071236e2517a3,CaPd3O4,Pd,4.1154,0.0474959,0.622743,0.0111278
mp-21100,61ee26ec397071236e2517a6,CrBPbO4,Cr,3.16643,0.0576932,0.518795,0.0128648
mp-19314,61ee26ec6b5f3ffa9e3b0b6a,Mn4Be3Si3SO12,Mn,4.18934,0.230667,0.740869,0.0610181
mp-21302,61ee26ec6b5f3ffa9e3b0b76,Sr2MnGaO5,Mn,5.05229,0.11508,0.580045,0.0245126
mp-1604,61ee26ed397071236e2517b3,Pt3O4,Pt,1.93377,0.0408971,0.468175,0.00718865
mp-20798,61ee26ed6b5f3ffa9e3b0b7a,MnGeO3,Mn,4.09842,0.161553,0.442396,0.0637905
mp-18997,61ee26ed6b5f3ffa9e3b0b86,LiMnPO4,Mn,3.56951,0.190187,0.616772,0.0879112
mp-18978,61ee26ee6b5f3ffa9e3b0b8a,Sr2MnO4,Mn,5.12889,0.120941,0.725201,0.012694
mp-19035,61ee26ee6b5f3ffa9e3b0b93,BaFeO3,Fe,5.40769,0.410991,0.640222,0.0318457
mp-18800,61ee26ef397071236e2517ca,Cr2SiO4,Cr,3.28486,0.0567189,0.513027,0.0300959
mp-1104149,61ee26ef397071236e2517cb,KPtNCl3O,Pt,1.93341,0.0270007,-0.0811886,0.00392116
mp-22946,61ee26ef397071236e2517ce,CrClO,Cr,3.15705,0.0571656,0.591749,0.0153231
mp-20968,61ee26ef6b5f3ffa9e3b0b97,KFe(SO4)2,Fe,4.55782,0.103187,-0.532297,0.0473165
mp-14526,61ee26f06b5f3ffa9e3b0ba3,Na4Hf2(GeO4)3,Hf,4.03684,0.0911449,0.725191,0.0453005
mp-19177,61ee26f1397071236e2517ee,CrO2,Cr,3.71012,0.0907122,0.461207,0.004518
mp-6270,61ee26f1397071236e2517f3,Ba2LiReO6,Re,0.648822,0.0158617,0.204939,0.00651131
mp-1194448,61ee26f16b5f3ffa9e3b0bba,Cs2MoS3O,Mo,2.56421,0.0206967,0.456726,0.00331088
mp-23082,61ee26f2397071236e2517fe,KCrClO3,Cr,2.48652,0.0211012,0.612049,0.0039742
mp-24040,61ee26f3397071236e251806,CrHO2,Cr,3.18973,0.0594029,0.555639,0.0160184
mp-1237229,61ee26f3397071236e251807,ReO3,Re,0.969488,0.296604,0.301237,0.00867531
mp-725,61ee26f36b5f3ffa9e3b0bda,RhO2,Rh,1.86307,0.117841,0.521752,0.00239161
mp-19432,61ee26f36b5f3ffa9e3b0be1,KNaV2O6,V,3.51192,0.0620315,0.64943,0.0072547
mp-6233,61ee26f36b5f3ffa9e3b0be2,NaSr3RuO6,Ru,2.5833,0.0298245,0.384889,0.00715205
mp-1080625,61ee26f4397071236e25180f,Sr2LiReO6,Re,0.643682,0.0134002,0.201535,0.00708688
mp-19243,61ee26f46b5f3ffa9e3b0bf2,VSb2O5,V,3.92405,0.0650904,0.717089,0.0087215
mp-1178826,61ee26f46b5f3ffa9e3b0bf6,V2O5,V,3.96872,0.101859,0.711299,0.00902178
mp-541361,61ee26f46b5f3ffa9e3b0bf9,K2RuNCl5O,Ru,2.92882,0.0343181,0.642466,0.00314763
mp-8909,61ee26f46b5f3ffa9e3b0bfd,RuO2,Ru,3.5866,0.296941,0.481695,0.0100553
mp-6281,61ee26f56b5f3ffa9e3b0c01,NaCa3RuO6,Ru,2.59202,0.0346985,0.387893,0.00752196
mp-4471,61ee26f56b5f3ffa9e3b0c11,ScAlO3,Sc,2.51246,0.0760244,0.578858,0.0380641
mp-6600,61ee26f6397071236e251825,K2Zr(SiO3)3,Zr,4.46584,0.124649,0.797872,0.0371677
mp-2858,61ee26f6397071236e251829,ZrO2,Zr,4.04646,0.0878281,0.698138,0.029122
mp-707540,61ee26f6397071236e25182b,ZrP2(HO4)2,Zr,4.4955,0.112116,0.662879,0.0384644
mp-3626,61ee26f6397071236e251831,SrZrO3,Zr,4.25907,0.104205,0.765114,0.0303267
mp-557012,61ee26f66b5f3ffa9e3b0c15,Li3Sc(BO3)2,Sc,2.33106,0.0751376,0.448124,0.0374859
mp-5594,61ee26f66b5f3ffa9e3b0c19,Sc2Si2O7,Sc,2.55561,0.0740197,0.458365,0.0228879
mp-4820,61ee26f7397071236e25183b,ZrSiO4,Zr,4.48347,0.104936,0.720727,0.0373581
mp-559831,61ee26f76b5f3ffa9e3b0c31,Na3V(SO)2,V,3.84036,0.0464192,0.59633,0.00588012
mp-18860,61ee26f76b5f3ffa9e3b0c35,Li2VSiO5,V,3.88888,0.0454338,0.691691,0.0123814
mp-19296,61ee26f86b5f3ffa9e3b0c45,SrVSi2O7,V,4.28013,0.0885752,0.764263,0.0101518
mp-3614,61ee26f86b5f3ffa9e3b0c46,KTaO3,Ta,3.52097,0.0675953,0.740243,0.00687734
mp-23092,61ee26f96b5f3ffa9e3b0c4e,Ba2TaBiO6,Ta,3.75532,0.0728881,0.600751,0.0151177
mp-1079630,61ee26f96b5f3ffa9e3b0c56,Ba2TaInO6,Ta,3.75532,0.0729709,0.617128,0.0156764
mp-541368,61ee26fa6b5f3ffa9e3b0c65,Tl4V2O7,V,3.61164,0.0500504,0.604653,0.00649196
mp-6478,61ee26fa6b5f3ffa9e3b0c66,LiTaGeO5,Ta,3.7113,0.0746521,0.643913,0.0150188
mp-3593,61ee26fa6b5f3ffa9e3b0c6d,Ta2Sn2O7,Ta,4.04029,0.0736268,0.589558,0.0182211
mp-4624,61ee26fa6b5f3ffa9e3b0c79,TaBO4,Ta,3.70249,0.0589885,0.617903,0.0166772
mp-3151,61ee26fb6b5f3ffa9e3b0c82,Li3TaO4,Ta,3.54514,0.0611521,0.618235,0.0185004
mp-23089,61ee26fb6b5f3ffa9e3b0c96,SrTa2Bi2O9,Ta,3.92045,0.0642766,0.617903,0.0188438
mp-25265,61ee26fc6b5f3ffa9e3b0ca6,VPO5,V,4.00467,0.0832023,0.722227,0.00771616
mp-18897,61ee26fc6b5f3ffa9e3b0caa,NaVTeO5,V,3.73535,0.0402452,0.645897,0.0073824
mp-510558,61ee26fc6b5f3ffa9e3b0cb2,Rb2SrV4O12,V,3.69432,0.0581318,0.655285,0.00685568
mp-23925,61ee26fc6b5f3ffa9e3b0cb5,TcH4NO4,Tc,3.01605,0.0286257,0.576477,0.00200277
mp-1200136,61ee26fd6b5f3ffa9e3b0cd5,TiP2O7,Ti,4.89571,0.0779307,0.604158,0.0179436
mp-6113,61ee26fd6b5f3ffa9e3b0cd9,LiTiAsO5,Ti,4.67914,0.0615015,0.718773,0.0154039
mp-23136,61ee26fd6b5f3ffa9e3b0ce1,KBi(WO4)2,W,1.86095,0.0270607,0.392937,0.00880675
mp-20459,61ee26fe6b5f3ffa9e3b0cee,TiPbO3,Ti,4.5235,0.119253,0.712477,0.0105147
mp-18875,61ee26fe6b5f3ffa9e3b0cfd,MgWO4,W,1.85409,0.022926,0.408724,0.0072915
mp-18867,61ee26fe6b5f3ffa9e3b0d01,Ba3W2O9,W,1.75053,0.0223917,0.394849,0.00647815
mp-430,61ee26fe6b5f3ffa9e3b0d02,TiO2,Ti,4.72136,0.100122,0.644824,0.0131358
mp-18640,61ee26ff6b5f3ffa9e3b0d0e,LiTi2(PO4)3,Ti,5.39482,0.139124,0.628781,0.0141099
mp-19048,61ee26ff6b5f3ffa9e3b0d11,BaWO4,W,1.62964,0.0174561,0.375701,0.00569012
mp-504591,61ee26ff6b5f3ffa9e3b0d15,PbWO4,W,1.93559,0.0223831,0.407345,0.00709033
mp-4163,61ee26ff6b5f3ffa9e3b0d16,Ca3Ti2O7,Ti,4.71707,0.102282,0.603515,0.0183907
mp-6110,61ee27006b5f3ffa9e3b0d25,Sr2YSbO6,Y,3.78469,0.15768,0.813008,0.0910726
mp-3792,61ee27016b5f3ffa9e3b0d2d,YAlO3,Y,4.1591,0.209942,0.64913,0.0864628
mp-6125,61ee27016b5f3ffa9e3b0d32,RbTi2(PO4)3,Ti,5.48914,0.11125,0.608691,0.0171342
mp-10734,61ee27016b5f3ffa9e3b0d3a,Ti4O5,Ti,5.72064,0.491969,0.696855,0.0115607
mp-1986,61ee27016b5f3ffa9e3b0d3d,ZnO,Zn,0.0,0.0,-0.0,0.0
mp-1077866,61ee27016b5f3ffa9e3b0d41,BaZnBO3F,Zn,1.78571,0.478316,-1.78571,0.0
mp-5839,61ee27026b5f3ffa9e3b0d4a,TiPO4,Ti,4.01087,0.245936,0.151772,0.0199936
mp-3834,61ee27026b5f3ffa9e3b0d4d,BaZrO3,Zr,3.84383,0.0924103,0.900901,0.0390489
mp-6358,61ee27026b5f3ffa9e3b0d52,NaTiPO5,Ti,5.05816,0.0743776,0.69968,0.0154552
mp-638686,61ee26db397071236e25168a,AgNO3,Ag,2.50668,0.154246,0.370553,0.079077
mp-23731,61ee26dd6b5f3ffa9e3b0a5a,CuSi(HO2)2,Cu,7.37654,0.219489,0.435638,0.0552624
mp-19732,61ee26dd6b5f3ffa9e3b0a5e,Cs2CuPb(NO2)6,Cu,8.14457,0.318477,0.446308,0.0473423
mp-3228,61ee26dd6b5f3ffa9e3b0a5f,HgSO4,Hg,0.438596,0.0846988,0.181159,0.0
mp-1229128,61ee26de397071236e2516b2,Ag3PO4,Ag,2.53731,0.130237,0.581953,0.061968
mp-23614,61ee26de397071236e2516bf,SrNb2Bi2O9,Nb,0.522926,0.0190176,0.171926,0.010323
mp-542807,61ee26de6b5f3ffa9e3b0a62,Cu2Te2Br2O5,Cu,7.3674,0.245089,0.482448,0.0833628
mp-3324,61ee26df397071236e2516c3,Nb2SnO6,Nb,0.54222,0.0187852,0.176223,0.00974887
mp-8666,61ee26df397071236e2516d3,CsAgO,Ag,2.77778,0.0711805,0.799138,0.0415204
mp-552588,61ee26df397071236e2516d6,LiNbO3,Nb,0.522021,0.0213985,0.166176,0.0106824
mp-3744,61ee26df397071236e2516da,NaNbO2,Nb,0.379421,0.0196262,0.165825,0.0109164
mp-22959,61ee26df397071236e2516db,AgClO2,Ag,2.43794,0.153325,0.595648,0.0864262
mp-4405,61ee26e0397071236e2516e7,Rb3AuO,Au,0.881135,0.0370308,0.363281,0.0207669
mp-5477,61ee26e1397071236e2516f6,Na5NbO5,Nb,0.475622,0.0179487,0.144659,0.00939634
mp-3020,61ee26e1397071236e2516fe,BaNbO3,Nb,0.439422,0.0264597,0.350363,0.00347183
mp-545522,61ee26e1397071236e251703,CoBiO3,Co,5.71283,0.143265,0.269791,0.0331581
mp-23116,61ee26e16b5f3ffa9e3b0a92,CuBiSeO,Cu,8.03873,0.294904,0.797732,0.0371154
mp-4541,61ee26e16b5f3ffa9e3b0a96,NaCuO2,Cu,9.37387,0.261851,1.47173,0.0256019
mp-4280,61ee26e16b5f3ffa9e3b0a9a,GaCuO2,Cu,6.77481,0.137342,1.70374,0.0410199
mp-541037,61ee26e26b5f3ffa9e3b0aaa,CsCuO,Cu,7.61401,0.123571,1.28022,0.0283215
mp-6412,61ee26e26b5f3ffa9e3b0aae,Li2CuP2O7,Cu,7.15941,0.257513,0.616558,0.0725527
mp-20659,61ee26e3397071236e25171f,Sr3NiPbO6,Ni,5.64881,0.194424,0.402944,0.052247
mp-7470,61ee26e36b5f3ffa9e3b0aba,RbCuO,Cu,7.56579,0.123434,1.28022,0.0271805
mp-1078227,61ee26e4397071236e251726,BaCoSO,Co,5.61261,0.335451,0.112788,0.0281359
mp-22526,61ee26e4397071236e25172a,LiCoO2,Co,4.87706,0.079095,1.0757,0.0134235
mp-19241,61ee26e4397071236e25172b,BaNiO3,Ni,6.74387,0.0798151,1.01482,0.0105969
mp-19752,61ee26e46b5f3ffa9e3b0ad7,FePO4,Fe,4.10117,0.107998,-0.264603,0.0584676
mp-18973,61ee26e5397071236e251736,CoSe2O5,Co,5.23848,0.179888,0.361931,0.0573076
mp-1105117,61ee26e5397071236e251737,Ni3Sb4(OF)6,Ni,5.79929,0.184876,0.515781,0.0584198
mp-19226,61ee26e56b5f3ffa9e3b0ae7,NaFePO4,Fe,3.80845,0.119711,0.0749999,0.0491206
mp-540914,61ee26e56b5f3ffa9e3b0aee,K3MnO3,Mn,4.76336,0.0799324,0.622426,0.0119185
mp-19149,61ee26e6397071236e25173f,NaNiO2,Ni,6.92587,0.173239,0.867595,0.00927275
mp-540895,61ee26e6397071236e251742,CsCo(CO)4,Co,4.77982,0.0886176,0.699914,0.00669833
mp-510753,61ee26e6397071236e251743,NiO2,Ni,6.8667,0.174888,1.23958,0.0103337
mp-605437,61ee26e66b5f3ffa9e3b0afe,FeHO2,Fe,5.6643,0.178189,0.343879,0.0274185
mp-27913,61ee26e7397071236e25175a,CoHO2,Co,4.89297,0.0549894,1.11117,0.0128855
mp-18816,61ee26e76b5f3ffa9e3b0b0e,Fe2SiO4,Fe,5.35504,0.248268,0.418924,0.0318874
mp-18844,61ee26e76b5f3ffa9e3b0b13,CaMn2O4,Mn,5.50926,0.11331,0.627084,0.0211952
mp-19009,61ee26e8397071236e25176b,NiO,Ni,6.07158,0.192285,0.752232,0.0320038
mp-540783,61ee26e8397071236e251772,OsO4,Os,1.44248,0.012815,0.348134,0.00239571
mp-18968,61ee26e86b5f3ffa9e3b0b22,Li2FeSiO4,Fe,3.54078,0.409098,0.0802005,0.031156
mp-19215,61ee26e9397071236e25177e,CaCrO4,Cr,2.39496,0.0270463,0.54735,0.00272206
mp-23785,61ee26e96b5f3ffa9e3b0b3a,LiMnH6O7,Mn,4.20073,0.0885043,0.687166,0.00416966
mp-1279252,61ee26e96b5f3ffa9e3b0b3e,MnCO3,Mn,4.05965,0.163559,0.551312,0.0809102
mp-542789,61ee26ea397071236e251782,Li14Cr2N8O,Cr,2.56839,0.0399746,0.535783,0.00301705
mp-19367,61ee26ea397071236e251786,NaCr(SiO3)2,Cr,3.17947,0.0603007,0.552342,0.0167379
mp-19438,61ee26ea6b5f3ffa9e3b0b4a,LiMnO4,Mn,3.95762,0.0761653,0.701052,0.00309104
mp-19320,61ee26ea6b5f3ffa9e3b0b4b,K2FeO4,Fe,4.10356,0.0451708,0.682809,0.00423359
mp-561778,61ee26eb397071236e25178e,CsLiCrO4,Cr,2.40475,0.023617,0.546165,0.004354
mp-559851,61ee26eb397071236e251792,CrBiO3,Cr,3.25581,0.0669842,0.550011,0.016073
mp-7608,61ee26eb397071236e251797,Li2PdO2,Pd,3.08924,0.0513799,0.718044,0.013476
mp-1336,61ee26eb397071236e25179b,PdO,Pd,3.99531,0.223707,0.559778,0.0157109
mp-1188169,61ee26eb6b5f3ffa9e3b0b5b,LiFe(GeO3)2,Fe,4.07424,0.144104,-0.348839,0.0656884
mp-22458,61ee26eb6b5f3ffa9e3b0b62,Sr2MnGe2O7,Mn,3.75273,0.14611,0.447844,0.0631761
mp-18865,61ee26eb6b5f3ffa9e3b0b63,K3(FeO2)2,Fe,4.87143,0.130869,-0.178541,0.0406189
mp-1086672,61ee26ec6b5f3ffa9e3b0b6e,MnO3,Mn,6.11782,0.414845,0.577966,0.0157225
mp-1197728,61ee26ec6b5f3ffa9e3b0b73,Fe2B(PO4)3,Fe,4.08677,0.137282,-0.406426,0.0534318
mp-18878,61ee26ec6b5f3ffa9e3b0b77,LiFeAs2O7,Fe,4.46088,0.0988371,-0.192626,0.0141707
mp-22373,61ee26ed397071236e2517aa,CrPb2O5,Cr,2.4726,0.0206477,0.550168,0.00357264
mp-559723,61ee26ed397071236e2517b6,Cr2B(PO4)3,Cr,3.18205,0.0792614,0.529747,0.01819
mp-1202031,61ee26ed6b5f3ffa9e3b0b82,CsMnH4Cl3O2,Mn,4.17624,0.223609,0.238747,0.0963768
mp-555351,61ee26ed6b5f3ffa9e3b0b87,FeBiO3,Fe,5.21732,0.117737,0.303255,0.0254425
mp-1193441,61ee26ee397071236e2517be,CrBiO5,Cr,2.50989,0.0365515,0.597808,0.00731366
mp-20285,61ee26ee397071236e2517bf,NaPt3O4,Pt,2.11653,0.165565,0.567405,0.0117492
mp-7947,61ee26ee397071236e2517c2,PtO,Pt,1.7264,0.113039,0.373775,0.0204206
mp-19441,61ee26ee397071236e2517c3,CaCr(Si2O5)2,Cr,2.48019,0.0858052,0.526421,0.0221711
mp-18728,61ee26ee6b5f3ffa9e3b0b8b,NaFe2O3,Fe,4.7205,0.150985,-1.05378,0.0570665
mp-578604,61ee26ef397071236e2517d2,NaCrO2,Cr,3.12247,0.0595261,0.543406,0.0124967
mp-1079194,61ee26ef397071236e2517d3,K2PtO6,Pt,1.99238,0.202538,0.094502,0.0124253
mp-6064,61ee26ef397071236e2517d7,Sr3MgPtO6,Pt,1.166,0.0201782,0.390012,0.00709127
mp-504818,61ee26ef6b5f3ffa9e3b0b96,MoPO5,Mo,2.53606,0.0259965,0.506415,0.00553506
mp-16383,61ee26f0397071236e2517ea,Na3Cr2(AsO4)3,Cr,3.36028,0.0750919,0.546159,0.0180645
mp-5558,61ee26f0397071236e2517eb,NaReO4,Re,0.494878,0.0142828,0.196705,0.00665525
mp-3378,61ee26f06b5f3ffa9e3b0bab,SrHfO3,Hf,3.99918,0.104965,0.717801,0.0398486
mp-352,61ee26f06b5f3ffa9e3b0baf,HfO2,Hf,3.73579,0.105122,0.737298,0.0354989
mp-1194849,61ee26f06b5f3ffa9e3b0bb2,Na3MoO4F,Mo,2.19471,0.019999,0.443893,0.00402901
mp-22734,61ee26f06b5f3ffa9e3b0bb3,HfPbO3,Hf,4.05963,0.121772,0.83612,0.0493971
mp-3915,61ee26f06b5f3ffa9e3b0bb7,BaHgO2,Hg,0.662442,0.056579,0.344488,0.0
mp-18906,61ee26f1397071236e2517f2,CrPO4,Cr,3.15859,0.0660235,0.564464,0.0180056
mp-1192632,61ee26f16b5f3ffa9e3b0bbb,HgSO5,Hg,0.778282,0.0611436,0.0533226,0.0409003
mp-19330,61ee26f16b5f3ffa9e3b0bbe,CaMoO4,Mo,2.30722,0.0204467,0.448445,0.00301937
mp-23844,61ee26f16b5f3ffa9e3b0bc3,HgHOF,Hg,0.722613,0.0914875,0.318715,0.0630726
mp-27624,61ee26f16b5f3ffa9e3b0bc7,CaV2O6,V,3.52564,0.0585488,0.698899,0.00768549
mp-24128,61ee26f2397071236e2517ff,ReH4NO4,Re,0.513268,0.0149018,0.193669,0.00656802
mp-19373,61ee26f26b5f3ffa9e3b0bc9,LiVO3,V,3.63081,0.0417061,0.657388,0.00739416
mp-1202595,61ee26f26b5f3ffa9e3b0bcd,Ca5V3ClO12,V,3.54717,0.039219,0.594695,0.00597024
mp-1716,61ee26f26b5f3ffa9e3b0bd6,Rh2O3,Rh,1.75285,0.0138234,0.369028,0.0028388
mp-510607,61ee26f3397071236e25180a,SrCrO4,Cr,2.41668,0.0324832,0.551793,0.00377532
mp-19340,61ee26f36b5f3ffa9e3b0bdd,LiVO2,V,4.83546,0.310578,0.406151,0.0178977
mp-6342,61ee26f36b5f3ffa9e3b0be9,LiCa3RuO6,Ru,2.56254,0.0346926,0.373239,0.00719089
mp-20974,61ee26f36b5f3ffa9e3b0bea,VO2,V,4.9031,0.219569,0.290818,0.00990785
mp-1095617,61ee26f4397071236e251813,ReNO4,Re,0.469274,0.012923,0.197983,0.00327936
mp-22390,61ee26f46b5f3ffa9e3b0bf1,SrRuO3,Ru,3.04016,0.115458,0.296229,0.00810925
mp-1190186,61ee26f5397071236e25181f,ZrO2,Zr,4.0312,0.0906152,0.802971,0.0375784
mp-4200,61ee26f56b5f3ffa9e3b0c0d,ScPO4,Sc,2.71524,0.0827595,0.587256,0.0395499
mp-19000,61ee26f56b5f3ffa9e3b0c0e,VPO5,V,4.29996,0.133938,0.728783,0.00563855
mp-8697,61ee26f66b5f3ffa9e3b0c1d,ScBO3,Sc,2.71003,0.0838073,0.496254,0.0371763
mp-555472,61ee26f7397071236e251837,Na4Zr2(SiO4)3,Zr,4.66694,0.119933,0.699116,0.0254649
mp-5418,61ee26f7397071236e251839,Li6Zr2O7,Zr,4.26035,0.0953747,0.765114,0.0283215
mp-18832,61ee26f76b5f3ffa9e3b0c25,K2VO2F3,V,3.91503,0.0642951,0.740793,0.00730124
mp-26963,61ee26f76b5f3ffa9e3b0c2d,LiVPO5,V,4.39964,0.0783052,0.661024,0.0115593
mp-4662,61ee26f86b5f3ffa9e3b0c3a,ScOF,Sc,2.71808,0.0763926,0.577803,0.0376288
mp-22092,61ee26f86b5f3ffa9e3b0c3d,VSO5,V,4.62487,0.0902392,0.731463,0.00987829
mp-6255,61ee26f86b5f3ffa9e3b0c3e,Ca3Sc2(SiO4)3,Sc,2.47525,0.0954308,0.644529,0.0687038
mp-18160,61ee26f96b5f3ffa9e3b0c5d,Cs2SrV4O12,V,3.621,0.0494749,0.654588,0.00538289
mp-6325,61ee26f96b5f3ffa9e3b0c5e,Ba3MgTa2O9,Ta,3.75685,0.040353,0.615887,0.015917
mp-4165,61ee26fa6b5f3ffa9e3b0c7e,TaNO,Ta,3.59166,0.0539561,0.605285,0.0167103
mp-1104323,61ee26fb6b5f3ffa9e3b0c91,VPO5,V,4.45041,0.147157,0.644495,0.00822008
mp-19903,61ee26fb6b5f3ffa9e3b0c95,V2Pb3O8,V,3.60997,0.0539557,0.601815,0.0060485
mp-6853,61ee26fb6b5f3ffa9e3b0c9a,Ca3TaGa3(SiO7)2,Ta,3.67578,0.0660691,0.617721,0.0141543
mp-3666,61ee26fb6b5f3ffa9e3b0ca1,LiTaO3,Ta,3.59612,0.0658483,0.617128,0.0146399
mp-23611,61ee26fc6b5f3ffa9e3b0cad,BaTa2Bi2O9,Ta,3.66415,0.0631717,0.650285,0.0146399
mp-1215,61ee26fd6b5f3ffa9e3b0ccd,Ti2O,Ti,5.68462,0.18992,0.660424,0.00592514
mp-1197857,61ee26fd6b5f3ffa9e3b0cd2,WO3,W,1.88651,0.0235,0.387865,0.00668196
mp-6081,61ee26fd6b5f3ffa9e3b0ce2,Ba2Ti(SiO4)2,Ti,4.38247,0.0681047,0.723087,0.011553
mp-1178760,61ee26fe6b5f3ffa9e3b0ce9,W2O7,W,1.8586,0.0255818,0.375075,0.00759244
mp-3397,61ee26fe6b5f3ffa9e3b0cea,Ba2TiO4,Ti,4.01726,0.054413,0.634349,0.011425
mp-19372,61ee26fe6b5f3ffa9e3b0cf9,WO2,W,2.75903,0.360849,0.479261,0.0106506
mp-21369,61ee26ff6b5f3ffa9e3b0d19,W3O,W,2.12484,0.0396382,0.397829,0.00228128
mp-20678,61ee26ff6b5f3ffa9e3b0d1d,NaIn(WO4)2,W,1.84956,0.0212325,0.425569,0.00810306
mp-6138,61ee26ff6b5f3ffa9e3b0d1e,Na2TiSiO5,Ti,4.44502,0.0664129,0.696608,0.014334
mp-18986,61ee27006b5f3ffa9e3b0d21,Ba2MgWO6,W,1.82814,0.0201806,0.36561,0.00745722
mp-5214,61ee27006b5f3ffa9e3b0d22,TiTe3O8,Ti,5.09345,0.117952,0.615298,0.0168303
mp-23137,61ee27006b5f3ffa9e3b0d29,Ba2YBiO6,Y,4.81283,0.22383,0.64913,0.0834713
mp-11659,61ee27016b5f3ffa9e3b0d36,BaTi(BO3)2,Ti,4.94716,0.124347,0.635078,0.0210407
mp-17392,61ee27026b5f3ffa9e3b0d45,Sr2ZnGe2O7,Zn,0.0,0.0,0.0,0.0
mp-560228,61ee27026b5f3ffa9e3b0d46,K6Ti2O7,Ti,4.1447,0.0578377,0.599215,0.01301
mp-647557,61ee27026b5f3ffa9e3b0d51,ZrPbO3,Zr,4.46693,0.127242,0.802971,0.0375784
mp-1198730,61ee26dc397071236e25168e,MoBr5N2O,Mo,3.04502,0.0469019,0.534181,0.0053153
mp-6814,61ee26dc397071236e25168f,AgCNO,Ag,2.62209,0.12312,0.745307,0.0686365
mp-1104384,61ee26dc397071236e251696,Cs2Mo(SO)2,Mo,2.44166,0.0245464,0.458751,0.00453845
mp-3982,61ee26dc6b5f3ffa9e3b0a42,KCuO2,Cu,8.65914,0.201077,1.35241,0.0261934
mp-5869,61ee26dc6b5f3ffa9e3b0a46,Ca2CuO3,Cu,8.59539,0.239127,1.14808,0.0352316
mp-545369,61ee26dc6b5f3ffa9e3b0a4a,CuBiTeO,Cu,7.02271,0.274315,0.851183,0.0510448
mp-6252,61ee26dc6b5f3ffa9e3b0a4e,Sr2CuTeO6,Cu,7.62187,0.253468,0.558812,0.011275
mp-23548,61ee26dd397071236e25169f,AgBiO3,Ag,4.27552,0.496866,0.348461,0.0605836
mp-540872,61ee26dd397071236e2516ae,AgSbO3,Ag,2.62091,0.141392,0.722613,0.0679271
mp-23413,61ee26dd397071236e2516af,NbBiO4,Nb,0.535958,0.0181321,0.177686,0.00906804
mp-1191395,61ee26dd6b5f3ffa9e3b0a53,HgBrO4,Hg,1.35464,0.0693681,-0.395457,0.027519
mp-6456,61ee26de397071236e2516b3,LiNbGeO5,Nb,0.483198,0.0197081,0.172942,0.00964915
mp-5770,61ee26de397071236e2516ba,AgNO2,Ag,2.31481,0.0946316,0.630734,0.0555297
mp-5860,61ee26de6b5f3ffa9e3b0a63,K2HgO2,Hg,0.650968,0.0552938,0.384394,0.0209129
mp-7461,61ee26de6b5f3ffa9e3b0a67,Hg2SO4,Hg,0.547345,0.0969893,0.272208,0.0627827
mp-1190246,61ee26df6b5f3ffa9e3b0a7b,Ir2Pb2O7,Ir,1.91992,0.0308824,0.351127,0.00746296
mp-22414,61ee26df6b5f3ffa9e3b0a7e,CuSeO3,Cu,7.99619,0.227244,0.460465,0.0779596
mp-6841,61ee26e06b5f3ffa9e3b0a8a,Ba4NaCu(CO5)2,Cu,8.52827,0.255923,1.33244,0.0254523
mp-1096866,61ee26e1397071236e2516fb,CdO2,Cd,0.629696,0.0899665,0.0996683,0.0185367
mp-22378,61ee26e1397071236e2516ff,CsCd(NO2)3,Cd,-0.403226,0.0975546,0.403226,0.0
mp-4155,61ee26e1397071236e251702,Ca2Nb2O7,Nb,0.494186,0.0200059,0.157502,0.00969739
mp-6712,61ee26e16b5f3ffa9e3b0a93,NaLuGeO4,Lu,0.415825,0.0547219,0.233168,0.0398776
mp-18190,61ee26e16b5f3ffa9e3b0a9e,CaCu3(SnO3)4,Cu,6.84051,0.223428,0.588441,0.0832338
mp-1192030,61ee26e2397071236e251707,CoH2Cl2O,Co,4.77693,0.155058,0.259057,0.058684
mp-18789,61ee26e2397071236e25170f,TlCo(CO)4,Co,5.13241,0.199064,0.6995,0.00770455
mp-7596,61ee26e3397071236e251712,NbNO,Nb,0.571819,0.0203595,0.189313,0.00943423
mp-19379,61ee26e3397071236e251713,CoSO4,Co,4.98282,0.152651,0.203683,0.0661849
mp-21908,61ee26e3397071236e251717,Co(SbO3)2,Co,5.55749,0.464065,0.229855,0.0551766
mp-19046,61ee26e36b5f3ffa9e3b0abb,KMnO4,Mn,4.14092,0.0646263,0.686843,0.0
mp-540828,61ee26e36b5f3ffa9e3b0abf,FeClO,Fe,5.38222,0.130872,0.306665,0.0292314
mp-1193141,61ee26e36b5f3ffa9e3b0ac6,MnInO3,Mn,5.39266,0.13219,0.620272,0.0174057
mp-21650,61ee26e4397071236e251723,Li2NiGe3O8,Ni,4.8497,0.138625,0.250919,0.0537845
mp-1105952,61ee26e46b5f3ffa9e3b0acf,NaFeSO4F,Fe,3.70967,0.141456,0.170238,0.0794799
mp-19050,61ee26e46b5f3ffa9e3b0ad6,Ca2MnO4,Mn,4.95071,0.0810353,0.637908,0.0106292
mp-510708,61ee26e46b5f3ffa9e3b0adb,LiFe(SiO3)2,Fe,3.8609,0.145313,-0.479621,0.0723609
mp-22243,61ee26e5397071236e25172f,LiNiAsO4,Ni,5.68916,0.204702,0.440471,0.0716339
mp-696630,61ee26e56b5f3ffa9e3b0aea,K2MnH2OF5,Mn,5.23979,0.118824,0.70056,0.0278167
mp-23130,61ee26e6397071236e25174a,Sr2Co(ClO)2,Co,5.72912,0.16024,0.541744,0.0433643
mp-18994,61ee26e66b5f3ffa9e3b0aff,CsMnO4,Mn,4.14092,0.0499137,0.688374,0.0
mp-19220,61ee26e7397071236e25175b,CaSi2NiO6,Ni,4.55333,0.166133,0.420352,0.0924664
mp-21434,61ee26e7397071236e25175e,CoCO3,Co,5.42294,0.279805,0.375583,0.0803209
mp-19042,61ee26e76b5f3ffa9e3b0b0b,Ca3Mn2O7,Mn,5.27787,0.120906,0.656323,0.0106557
mp-20361,61ee26e76b5f3ffa9e3b0b12,FePO4,Fe,4.03379,0.457452,-0.537772,0.074449
mp-1071505,61ee26e76b5f3ffa9e3b0b16,Sr2FeO3,Fe,4.78484,0.080131,0.474138,0.0217933
mp-20052,61ee26e76b5f3ffa9e3b0b17,LiMnAsO4,Mn,3.96359,0.163696,0.459318,0.0651654
mp-744208,61ee26e8397071236e25176a,Rb2CrH2Cl5O,Cr,3.52704,0.0634422,0.63419,0.0190593
mp-1190635,61ee26e8397071236e25176e,Na2OsO4,Os,1.71999,0.021497,0.367815,0.00266632
mp-19232,61ee26e8397071236e251773,K2CrO4,Cr,2.40174,0.0246282,0.548781,0.00301851
mp-21213,61ee26e9397071236e251776,NaCr(GeO3)2,Cr,3.36483,0.0684502,0.553099,0.0149246
mp-996,61ee26e9397071236e25177b,OsO2,Os,2.38264,0.327591,0.423549,0.0027078
mp-1283030,61ee26e96b5f3ffa9e3b0b2e,FeO,Fe,5.77643,0.10829,0.0578761,0.0227882
mp-20443,61ee26e96b5f3ffa9e3b0b2f,Ca2Mn2O5,Mn,5.25956,0.118145,0.424082,0.0162261
mp-21823,61ee26e96b5f3ffa9e3b0b37,Mn(PbO2)2,Mn,5.29048,0.0874818,0.679042,0.0101591
mp-18795,61ee26e96b5f3ffa9e3b0b42,Mn3TeO6,Mn,4.34365,0.171748,0.566293,0.0609133
mp-548231,61ee26e96b5f3ffa9e3b0b43,FeBiO3,Fe,5.35472,0.151219,0.277974,0.0279179
mp-19124,61ee26ea6b5f3ffa9e3b0b46,Ca3Mn2O7,Mn,4.98,0.299219,0.519514,0.0377987
mp-21016,61ee26ea6b5f3ffa9e3b0b47,FeAsO4,Fe,4.2572,0.106752,-0.308081,0.0127081
mp-4649,61ee26eb397071236e25178f,PdSe2O5,Pd,3.42712,0.0534297,0.633176,0.0145101
mp-18869,61ee26eb6b5f3ffa9e3b0b56,Na4Mn2O5,Mn,5.1836,0.105343,0.596196,0.0157313
mp-1103838,61ee26ec397071236e25179f,Pd2PbO4,Pd,4.03733,0.222485,0.443997,0.0240465
mp-18876,61ee26ec397071236e2517a2,K3CrO8,Cr,3.11083,0.0521169,0.654909,0.0051218
mp-5478,61ee26ec397071236e2517a7,TlPd3O4,Pd,3.51992,0.0440163,0.521108,0.00950364
mp-6551,61ee26ec6b5f3ffa9e3b0b6b,Mg3Fe2(SiO4)3,Fe,3.66741,0.124028,-0.528098,0.0560087
mp-21145,61ee26ec6b5f3ffa9e3b0b6f,SrFeO2,Fe,5.07442,0.127456,0.490989,0.0293215
mp-29159,61ee26ec6b5f3ffa9e3b0b72,MnHO2,Mn,5.80236,0.126688,0.535192,0.0153132
mp-510421,61ee26ed397071236e2517b2,CrO3,Cr,2.43331,0.0197167,0.64569,0.00322852
mp-4598,61ee26ed397071236e2517b7,Sr4PtO6,Pt,1.43309,0.0209963,0.414296,0.0065783
mp-1201709,61ee26ed6b5f3ffa9e3b0b83,FeN2Cl5O,Fe,5.64001,0.258936,0.173353,0.025596
mp-19403,61ee26ee6b5f3ffa9e3b0b92,Ba2CaMoO6,Mo,2.56158,0.0240044,0.436584,0.00563855
mp-19146,61ee26ef397071236e2517d6,CrPbO4,Cr,2.47414,0.0277768,0.550973,0.00425223
mp-19399,61ee26ef397071236e2517da,Cr2O3,Cr,3.43755,0.0707707,0.480518,0.0150524
mp-23528,61ee26ef6b5f3ffa9e3b0b9e,MoCl3O,Mo,2.82274,0.0325277,0.52846,0.00586879
mp-4609,61ee26ef6b5f3ffa9e3b0b9f,HfSiO4,Hf,3.83329,0.115767,0.726167,0.0471902
mp-23581,61ee26f0397071236e2517e2,Cr3B7BrO13,Cr,2.56198,0.0980989,0.631178,0.04022
mp-18727,61ee26f0397071236e2517e6,LiCr(SiO3)2,Cr,3.03863,0.0610023,0.565908,0.0199547
mp-18834,61ee26f06b5f3ffa9e3b0ba2,SrMoO4,Mo,2.21211,0.0179912,0.44484,0.00485821
mp-18852,61ee26f06b5f3ffa9e3b0baa,Na2MoO4,Mo,2.22498,0.0221609,0.446429,0.0060485
mp-4035,61ee26f2397071236e2517fb,RbReO4,Re,0.461987,0.014444,0.192387,0.00632864
mp-5061,61ee26f26b5f3ffa9e3b0bca,Li5ReO6,Re,0.644448,0.0152439,0.211921,0.00673795
mp-573119,61ee26f26b5f3ffa9e3b0bce,BiRhO3,Rh,1.6303,0.0147465,0.392158,0.00403681
mp-18866,61ee26f26b5f3ffa9e3b0bd1,CaV4O9,V,3.93629,0.0955443,0.652865,0.0132005
mp-18859,61ee26f3397071236e251802,Sr5Cr3O12F,Cr,3.9719,0.472927,0.274016,0.0049543
mp-4757,61ee26f3397071236e251803,KReO4,Re,0.474858,0.0133956,0.189407,0.00638898
mp-19219,61ee26f36b5f3ffa9e3b0bd9,Li3VO4,V,3.43236,0.0391787,0.59465,0.00523872
mp-19083,61ee26f36b5f3ffa9e3b0be5,NaVO3,V,3.621,0.0459936,0.650994,0.00538289
mp-23875,61ee26f4397071236e251812,CuH4(ClO)2,Cu,7.47471,0.305075,0.593839,0.0833525
mp-6891,61ee26f46b5f3ffa9e3b0bf5,Sb2RuC6(OF2)6,Ru,2.1969,0.0281729,0.410544,0.00470487
mp-628782,61ee26f46b5f3ffa9e3b0bfe,V3Pb5ClO12,V,3.71725,0.0471047,0.588923,0.00693834
mp-3519,61ee26f5397071236e25181d,ZrSO,Zr,4.15541,0.0776815,0.704781,0.0257085
mp-743581,61ee26f56b5f3ffa9e3b0c12,VH4NO3,V,3.6694,0.037066,0.658161,0.00664027
mp-542112,61ee26f6397071236e251827,CaZrO3,Zr,3.75066,0.0957984,0.850229,0.0364341
mp-23506,61ee26f66b5f3ffa9e3b0c1a,VBiO4,V,4.02504,0.0497952,0.613817,0.00698719
mp-18815,61ee26f66b5f3ffa9e3b0c1e,KVO3,V,3.66504,0.0403989,0.662632,0.00700658
mp-5207,61ee26f66b5f3ffa9e3b0c21,Sc(PO3)3,Sc,2.33949,0.0715813,0.535055,0.050517
mp-1287184,61ee26f76b5f3ffa9e3b0c29,VO,V,4.67147,0.13161,0.555338,0.0295888
mp-7650,61ee26f76b5f3ffa9e3b0c2a,RbScO2,Sc,2.62108,0.0703716,0.711017,0.0264602
mp-5840,61ee26f76b5f3ffa9e3b0c2e,LiScO2,Sc,1.92034,0.0568595,0.528191,0.0302238
mp-1195873,61ee26f86b5f3ffa9e3b0c41,KVOF3,V,4.4317,0.0689875,0.809179,0.0106848
mp-1194561,61ee26f86b5f3ffa9e3b0c42,NaSc(SeO3)2,Sc,2.73503,0.0969354,0.544855,0.0591413
mp-23134,61ee26f96b5f3ffa9e3b0c49,Mg2VBiO6,V,3.56331,0.0400197,0.594517,0.00523248
mp-16136,61ee26f96b5f3ffa9e3b0c4a,Sr3TaGa3(SiO7)2,Ta,3.79378,0.0665412,0.607768,0.0156492
mp-20564,61ee26f96b5f3ffa9e3b0c51,V2Pb3O8,V,3.68874,0.0802979,0.601815,0.00748014
mp-542844,61ee26f96b5f3ffa9e3b0c55,V2O5,V,4.06891,0.0902294,0.703,0.00834591
mp-18835,61ee26f96b5f3ffa9e3b0c59,VPO4,V,4.85226,0.410278,0.291756,0.0293554
mp-6066,61ee26f96b5f3ffa9e3b0c62,NaTaGeO5,Ta,3.81521,0.0659248,0.583381,0.0183694
mp-17715,61ee26fa6b5f3ffa9e3b0c69,SrTa2O6,Ta,3.77688,0.0656146,0.60892,0.0118528
mp-18942,61ee26fa6b5f3ffa9e3b0c6a,VP2O7,V,4.07267,0.070708,0.844662,0.0106995
mp-1070440,61ee26fa6b5f3ffa9e3b0c72,VPbO3,V,4.13501,0.0848815,0.648207,0.0106503
mp-19422,61ee26fa6b5f3ffa9e3b0c7d,Na3VS3O,V,3.98855,0.155508,0.589654,0.00578989
mp-10390,61ee26fb6b5f3ffa9e3b0c86,Ta2O5,Ta,3.66113,0.0604907,0.628556,0.016796
mp-1190486,61ee26fb6b5f3ffa9e3b0c9d,Sr3LiTaO6,Ta,3.76867,0.0661748,0.617128,0.0146399
mp-6259,61ee26fc6b5f3ffa9e3b0ca9,SrLi2Ta2O7,Ta,3.66274,0.0719346,0.648521,0.0127269
mp-1194354,61ee26fc6b5f3ffa9e3b0cc5,K3Ti4Si3O20,Ti,4.39365,0.103503,0.622189,0.0139385
mp-20216,61ee26fc6b5f3ffa9e3b0cc6,MgPb2WO6,W,1.99316,0.0227316,0.380242,0.00678724
mp-20099,61ee26fd6b5f3ffa9e3b0cce,In6WO12,W,1.93286,0.0283782,0.376926,0.00607448
mp-19324,61ee26fd6b5f3ffa9e3b0cde,Ca2MgWO6,W,1.85279,0.0290264,0.355679,0.00899061
mp-19163,61ee26fd6b5f3ffa9e3b0ce5,SrWO4,W,1.66741,0.0191056,0.384422,0.00643163
mp-3349,61ee26fe6b5f3ffa9e3b0cf2,Sr3Ti2O7,Ti,4.4269,0.0836008,0.640417,0.0150241
mp-18977,61ee26fe6b5f3ffa9e3b0cf5,Ba2CaWO6,W,1.81015,0.0186912,0.356525,0.00699595
mp-5777,61ee26fe6b5f3ffa9e3b0cf6,BaTiO3,Ti,4.71327,0.0714142,0.738793,0.0120386
mp-5403,61ee26fe6b5f3ffa9e3b0cfa,Rb2TiO3,Ti,3.93814,0.0481926,0.622377,0.0129731
mp-1097860,61ee26ff6b5f3ffa9e3b0d06,TiO2,Ti,4.80135,0.0701668,0.702714,0.0142951
mp-27754,61ee26ff6b5f3ffa9e3b0d0d,WCl4O,W,2.09997,0.0312121,0.441551,0.00669939
mp-5827,61ee26ff6b5f3ffa9e3b0d1a,CaTiO3,Ti,4.10955,0.0830805,0.717877,0.0117515
mp-6228,61ee27006b5f3ffa9e3b0d26,Na2TiGeO5,Ti,4.46906,0.0699049,0.66252,0.0138807
mp-3297,61ee27016b5f3ffa9e3b0d39,Li10Zn4O9,Zn,0.862069,0.364074,0.0,0.0
mp-5532,61ee27016b5f3ffa9e3b0d42,Sr2TiO4,Ti,4.32137,0.0730373,0.646886,0.0150241
mp-6109,61ee27026b5f3ffa9e3b0d4e,CaTiSiO5,Ti,4.95776,0.0955213,0.630642,0.0115777
mp-6983,61ee26db397071236e251688,NaAgO,Ag,3.34459,0.110351,0.756777,0.0363238
mp-5456,61ee26db6b5f3ffa9e3b0a3a,Sr2CuO3,Cu,7.19965,0.031724,1.15248,0.0319493
mp-3810,61ee26db6b5f3ffa9e3b0a3b,Hg(AsO3)2,Hg,0.438596,0.0605414,0.0,0.0
mp-541966,61ee26dc397071236e25169b,KAgCO3,Ag,3.22651,0.0970011,0.774384,0.0450105
mp-17599,61ee26dc6b5f3ffa9e3b0a3e,CaCu3(GeO3)4,Cu,6.65916,0.266636,0.570331,0.0814151
mp-3538,61ee26dc6b5f3ffa9e3b0a43,Hg3TeO6,Hg,0.549948,0.065429,0.506757,0.0492558
mp-4710,61ee26dc6b5f3ffa9e3b0a47,Hg3(BO3)2,Hg,0.621118,0.0599828,0.387168,0.0488066
mp-6361,61ee26dd397071236e2516a2,NaSr3NbO6,Nb,0.513691,0.0207636,0.160285,0.00925269
mp-5282,61ee26dd397071236e2516a3,AgCO2,Ag,2.76607,0.119143,0.796903,0.0655325
mp-583454,61ee26dd397071236e2516ab,Nb2Bi2PbO9,Nb,0.544675,0.0209418,0.179592,0.0105668
mp-23333,61ee26dd6b5f3ffa9e3b0a57,Hg3Cl4O,Hg,0.408497,0.0823177,0.372178,0.0558237
mp-22067,61ee26de6b5f3ffa9e3b0a6a,Ba2CuGe2O7,Cu,7.56996,0.219581,0.47286,0.095403
mp-3199,61ee26de6b5f3ffa9e3b0a6e,CuSe2O5,Cu,7.30817,0.312008,0.729408,0.0664356
mp-5625,61ee26df397071236e2516c6,Ag2SO4,Ag,2.26449,0.14809,0.757576,0.0947715
mp-11794,61ee26df397071236e2516ca,AlAgO2,Ag,2.06349,0.139103,0.67637,0.0742609
mp-3527,61ee26df397071236e2516ce,Na3AgO2,Ag,2.71536,0.0719381,0.774384,0.0428468
mp-6474,61ee26df397071236e2516cf,Ba3MgNb2O9,Nb,0.520695,0.0201033,0.163918,0.00957365
mp-1200529,61ee26df6b5f3ffa9e3b0a76,CuAsPbO5,Cu,8.46481,0.172343,1.22039,0.0156492
mp-558392,61ee26df6b5f3ffa9e3b0a77,Bi2Ir2O7,Ir,2.35158,0.219385,0.323078,0.0246003
mp-4100,61ee26df6b5f3ffa9e3b0a7f,Ca4IrO6,Ir,1.69467,0.0486001,-0.160415,0.00397084
mp-1095283,61ee26e0397071236e2516eb,PAuO4,Au,1.42857,0.0,0.446429,0.0
mp-604,61ee26e0397071236e2516ee,Nb2O5,Nb,0.510376,0.0187814,0.184298,0.00979724
mp-6189,61ee26e06b5f3ffa9e3b0a82,CaCu(Si2O5)2,Cu,6.73223,0.253702,0.617701,0.0960566
mp-7911,61ee26e06b5f3ffa9e3b0a86,KCuO,Cu,8.21444,0.193253,1.28022,0.0283216
mp-2940,61ee26e06b5f3ffa9e3b0a8b,LuPO4,Lu,0.384423,0.0569389,0.251687,0.039111
mp-1021512,61ee26e16b5f3ffa9e3b0a8f,LuO3,Lu,0.538278,0.052454,0.386005,0.0343141
mp-7560,61ee26e16b5f3ffa9e3b0a9f,LuBO3,Lu,0.437558,0.0525514,0.240544,0.031155
mp-560883,61ee26e16b5f3ffa9e3b0aa3,Ba5Mn3ClO12,Mn,4.43378,0.0821549,0.692064,0.00349005
mp-20620,61ee26e2397071236e251706,Ba2NbInO6,Nb,0.491458,0.0188169,0.158936,0.0105205
mp-4957,61ee26e2397071236e25170a,CaNbO3,Nb,0.991372,0.286047,0.370588,0.00585274
mp-604996,61ee26e26b5f3ffa9e3b0aa6,CuH12N2(Cl2O)2,Cu,6.92706,0.23166,0.518846,0.0906052
mp-3098,61ee26e26b5f3ffa9e3b0ab2,AlCuO2,Cu,6.0639,0.170731,1.638,0.0416389
mp-19290,61ee26e26b5f3ffa9e3b0ab3,Mn2As2O7,Mn,4.28896,0.178847,0.350696,0.0718647
mp-19156,61ee26e26b5f3ffa9e3b0ab7,BaMnO3,Mn,5.03693,0.0826626,0.631967,0.0077912
mp-645159,61ee26e36b5f3ffa9e3b0ac3,FeBiO3,Fe,5.20962,0.139292,0.329325,0.0258313
mp-19231,61ee26e36b5f3ffa9e3b0aca,Mn(SbO2)2,Mn,4.55085,0.179814,0.486722,0.0883935
mp-548805,61ee26e4397071236e251722,Co2GeO4,Co,5.50969,0.323736,-0.2593,0.0476523
mp-18749,61ee26e4397071236e251727,NiSO4,Ni,5.07178,0.154027,0.39652,0.0729783
mp-19446,61ee26e46b5f3ffa9e3b0ace,CaMn(SiO3)2,Mn,3.55675,0.182807,0.515589,0.0939797
mp-1204197,61ee26e46b5f3ffa9e3b0ade,Ba5Mn3O12F,Mn,4.30978,0.057653,0.687877,0.00534802
mp-18907,61ee26e46b5f3ffa9e3b0ae2,Ca2MnAlO5,Mn,5.54616,0.0899759,0.329369,0.0126326
mp-1203274,61ee26e5397071236e251733,Ni(CO)4,Ni,6.36369,0.194756,0.755514,0.00972347
mp-19026,61ee26e56b5f3ffa9e3b0aef,Na4FeO3,Fe,4.75452,0.120193,0.552848,0.0148513
mp-21060,61ee26e56b5f3ffa9e3b0af2,NaFeO2,Fe,3.96951,0.104717,-0.200715,0.0588662
mp-23853,61ee26e7397071236e251766,CoH4(ClO)2,Co,4.76776,0.139052,0.0187297,0.0716967
mp-19252,61ee26e7397071236e251767,K2NiO2,Ni,5.68821,0.11562,0.528731,0.0211766
mp-643081,61ee26e76b5f3ffa9e3b0b0a,Fe2(CO)9,Fe,4.34253,0.0496174,0.630819,0.00285492
mp-19239,61ee26e76b5f3ffa9e3b0b0f,Mg6MnO8,Mn,4.86612,0.074271,0.7179,0.00995931
mp-19359,61ee26e86b5f3ffa9e3b0b26,NaFeO2,Fe,5.60466,0.216067,0.294892,0.0404137
mp-18793,61ee26e9397071236e25177a,LiCrO2,Cr,3.0308,0.0522082,0.535814,0.0155595
mp-23097,61ee26e9397071236e25177f,K2Os(Cl2O)2,Os,1.73022,0.012916,0.408767,0.00383859
mp-1218206,61ee26ea6b5f3ffa9e3b0b4e,SrMnO3,Mn,4.94007,0.0773126,0.620504,0.00983426
mp-19070,61ee26ea6b5f3ffa9e3b0b52,Sr3Mn2O7,Mn,5.17675,0.0983015,0.640682,0.00848109
mp-546552,61ee26eb397071236e25179a,KCrO2,Cr,3.02555,0.0542893,0.759447,0.0166475
mp-1205312,61ee26eb6b5f3ffa9e3b0b5a,Ca2MnO4,Mn,4.95899,0.0829421,0.625804,0.00935564
mp-19251,61ee26ec397071236e25179e,RbLiCrO4,Cr,2.41074,0.0221915,0.553639,0.00312208
mp-18798,61ee26ed6b5f3ffa9e3b0b7e,Sr2Mn2O5,Mn,5.27644,0.0972606,0.432442,0.0132359
mp-18753,61ee26ee6b5f3ffa9e3b0b8e,Na3Mo(OF)3,Mo,2.42451,0.0290459,0.490005,0.00522255
mp-20029,61ee26ef397071236e2517c6,SrCrO3,Cr,3.19649,0.0912872,0.624964,0.011752
mp-4784,61ee26ef397071236e2517c7,CaPtO3,Pt,1.31051,0.0183937,0.432684,0.00727808
mp-17071,61ee26ef397071236e2517de,Rb2CrO4,Cr,2.40059,0.0273604,0.542428,0.00329954
mp-20589,61ee26ef6b5f3ffa9e3b0b9a,MoO3,Mo,2.46599,0.0225002,0.560724,0.00617437
mp-190,61ee26f0397071236e2517e7,ReO3,Re,0.918855,0.275148,0.297554,0.00857377
mp-1180203,61ee26f06b5f3ffa9e3b0bae,MoO4,Mo,2.4824,0.0318952,0.573826,0.00460276
mp-22974,61ee26f06b5f3ffa9e3b0bb6,MoCl4O,Mo,2.72214,0.0349567,0.50573,0.0046035
mp-22441,61ee26f2397071236e2517f7,Ba2MgReO6,Re,0.656827,0.438661,0.361936,0.0131342
mp-620054,61ee26f3397071236e25180b,ReC5BrO5,Re,0.476207,0.0134087,0.256322,0.00923136
mp-654105,61ee26f36b5f3ffa9e3b0bde,RhC2ClO2,Rh,1.37486,0.0119365,0.377529,0.00507896
mp-715566,61ee26f4397071236e25180e,CrO3,Cr,2.45744,0.0181504,0.650159,0.00311386
mp-715517,61ee26f46b5f3ffa9e3b0bee,VO2,V,4.61379,0.364487,0.361406,0.0157265
mp-4571,61ee26f5397071236e251819,CaZrO3,Zr,4.34809,0.0760342,0.719327,0.0274565
mp-4759,61ee26f5397071236e251821,ZrTe3O8,Zr,4.34988,0.108358,0.717596,0.0134286
mp-1197244,61ee26f56b5f3ffa9e3b0c02,V3Pb5O12F,V,3.77473,0.0478308,0.598536,0.00738242
mp-6721,61ee26f56b5f3ffa9e3b0c05,Sr3LiRuO6,Ru,2.73898,0.0406931,0.386608,0.00559749
mp-19034,61ee26f56b5f3ffa9e3b0c06,Mg3V2O8,V,3.76344,0.066379,0.623021,0.00690971
mp-6475,61ee26f6397071236e251823,NaZr2(PO4)3,Zr,4.37063,0.112943,0.716769,0.0304976
mp-19003,61ee26f66b5f3ffa9e3b0c22,MgV2O5,V,4.06295,0.0666429,0.616023,0.00860293
mp-27132,61ee26f7397071236e251833,Zr2P2O9,Zr,4.64163,0.101684,0.765114,0.0283215
mp-7074,61ee26f76b5f3ffa9e3b0c32,NaSc(SiO3)2,Sc,2.41921,0.0793219,0.54304,0.0375784
mp-6224,61ee26f76b5f3ffa9e3b0c36,LiScSiO4,Sc,2.31467,0.0860934,0.506268,0.0543123
mp-4675,61ee26f96b5f3ffa9e3b0c52,NaTaO3,Ta,3.64011,0.069942,0.624474,0.015525
mp-22938,61ee26f96b5f3ffa9e3b0c61,VCl3O,V,3.74352,0.0909534,0.665988,0.00586826
mp-18975,61ee26fa6b5f3ffa9e3b0c6e,Na2SrV4O12,V,3.77332,0.0515877,0.65032,0.00688934
mp-18892,61ee26fa6b5f3ffa9e3b0c76,KBaVO4,V,3.45115,0.0340964,0.596809,0.00523872
mp-22443,61ee26fa6b5f3ffa9e3b0c7a,VInO4,V,3.65598,0.077846,0.6248,0.00856766
mp-19075,61ee26fb6b5f3ffa9e3b0c89,K2SrV4O12,V,3.73296,0.0651282,0.654588,0.0068775
mp-4690,61ee26fb6b5f3ffa9e3b0c8a,K3TaO8,Ta,3.5474,0.0601666,0.591103,0.0169532
mp-1105280,61ee26fb6b5f3ffa9e3b0c8e,LiTaO3,Ta,3.51598,0.0566541,0.598527,0.0173547
mp-5461,61ee26fb6b5f3ffa9e3b0c92,Rb3TaO8,Ta,3.67601,0.0599024,0.561734,0.0140255
mp-19386,61ee26fb6b5f3ffa9e3b0c99,Sr3V2O8,V,3.4088,0.042188,0.603997,0.00585437
mp-23111,61ee26fb6b5f3ffa9e3b0c9e,Mg2VBiO6,V,3.54717,0.0484684,0.596806,0.00675641
mp-23094,61ee26fc6b5f3ffa9e3b0cae,Ba5V3ClO12,V,3.46501,0.0321174,0.595752,0.00668196
mp-7621,61ee26fc6b5f3ffa9e3b0cb1,KTcO4,Tc,2.84086,0.0246595,0.576367,0.00416776
mp-23494,61ee26fc6b5f3ffa9e3b0cb9,Ti(Bi3O5)4,Ti,3.94874,0.0806354,0.629108,0.0149568
mp-6761,61ee26fd6b5f3ffa9e3b0cc9,NaTi2(PO4)3,Ti,5.30716,0.124257,0.593233,0.0147281
mp-23329,61ee26fd6b5f3ffa9e3b0cca,Bi2WO6,W,1.9061,0.0222799,0.394029,0.00758351
mp-1439,61ee26fd6b5f3ffa9e3b0cd1,TiO2,Ti,4.97983,0.0907771,0.640654,0.0120386
mp-882,61ee26fd6b5f3ffa9e3b0cdd,Ti6O,Ti,5.0323,0.220903,0.618064,0.00766074
mp-4930,61ee26fe6b5f3ffa9e3b0cfe,TiAl2O5,Ti,4.68491,0.0707886,0.673991,0.0158748
mp-6668,61ee26ff6b5f3ffa9e3b0d0a,LiTiPO5,Ti,4.94042,0.0654758,0.712477,0.0123208
mp-6810,61ee26ff6b5f3ffa9e3b0d12,K2Ti(SiO3)3,Ti,4.91223,0.0794532,0.590079,0.0131989
mp-5996,61ee27006b5f3ffa9e3b0d2a,Na2Ti2Si2O9,Ti,4.70342,0.0660311,0.617505,0.013218
mp-6332,61ee27016b5f3ffa9e3b0d2e,Li2TiSiO5,Ti,4.25705,0.0593595,0.678957,0.011706
mp-6492,61ee27016b5f3ffa9e3b0d31,Ba2YSbO6,Y,4.68998,0.217267,0.994168,0.0885996
mp-3771,61ee27016b5f3ffa9e3b0d3e,MgTiO3,Ti,4.65821,0.0688801,0.64079,0.0149046
mp-6402,61ee27026b5f3ffa9e3b0d49,Na2ZnGeO4,Zn,0.0,0.0,-0.0,0.0
mp-1205364,61ee27026b5f3ffa9e3b0d54,CaTiO3,Ti,4.76791,0.0795557,0.597424,0.0132558
mp-22169,61ee26db397071236e25168b,MoPbO4,Mo,2.35417,0.0227975,0.465396,0.00499433
mp-361,61ee26db6b5f3ffa9e3b0a38,Cu2O,Cu,7.77401,0.162214,1.17151,0.0305751
mp-24234,61ee26dc397071236e251692,MoH8S2(NO)2,Mo,2.54682,0.0216443,0.451414,0.00325787
mp-353,61ee26dc397071236e251697,Ag2O,Ag,3.10336,0.0646715,0.751366,0.0356241
mp-2278,61ee26dc6b5f3ffa9e3b0a4f,HgO2,Hg,0.4164,0.0543937,0.476457,0.0397666
mp-2311,61ee26dd397071236e25169e,NbO,Nb,0.79064,0.0237693,0.280652,0.00577423
mp-505365,61ee26dd397071236e2516a7,Mg3Nb6O11,Nb,0.763886,0.013995,0.275362,0.00746243
mp-7469,61ee26dd6b5f3ffa9e3b0a56,NaCuO,Cu,7.98,0.199615,1.27945,0.0328214
mp-541067,61ee26dd6b5f3ffa9e3b0a5b,HgNO2,Hg,0.473821,0.098362,0.500286,0.0626199
mp-1104131,61ee26de397071236e2516bb,NbPO5,Nb,0.517089,0.0172499,0.191023,0.00889769
mp-6476,61ee26de397071236e2516be,Ag3SeNO3,Ag,2.52298,0.100477,0.751858,0.041143
mp-614565,61ee26de6b5f3ffa9e3b0a66,CuO2,Cu,8.78354,0.204032,1.13893,0.0227796
mp-4961,61ee26de6b5f3ffa9e3b0a6f,Na2HgO2,Hg,0.849315,0.0574958,0.436047,0.0284138
mp-1065190,61ee26df397071236e2516c2,AgO,Ag,4.17711,0.0889577,0.820099,0.0183733
mp-6257,61ee26df397071236e2516c7,CsNb(BO3)2,Nb,0.494817,0.0188166,0.187458,0.00991135
mp-3924,61ee26df397071236e2516d2,LiNbO2,Nb,0.363543,0.0188297,0.154948,0.00957587
mp-1066856,61ee26df397071236e2516d7,AgO,Ag,4.01262,0.132325,0.827317,0.0163129
mp-1103905,61ee26df6b5f3ffa9e3b0a7a,NaCu2(SO5)2,Cu,9.03825,0.212114,1.02439,0.0192016
mp-4748,61ee26e0397071236e2516e2,NaNbO3,Nb,0.492844,0.0189895,0.159926,0.00973157
mp-1095378,61ee26e0397071236e2516e3,AsAuO4,Au,1.22746,0.0292864,0.446429,0.00927797
mp-1190404,61ee26e0397071236e2516e6,Sr3LiNbO6,Nb,0.494435,0.0199743,0.151689,0.00999239
mp-2533,61ee26e0397071236e2516ea,NbO2,Nb,0.637417,0.428528,0.313895,0.00804565
mp-2898,61ee26e0397071236e2516ef,Ca(AuO2)2,Au,1.47548,0.0309196,0.433541,0.0133685
mp-562854,61ee26e0397071236e2516f2,CsNb2BiO7,Nb,0.522411,0.0166973,0.185254,0.00929661
mp-505212,61ee26e0397071236e2516f3,Cs3AuO,Au,0.84595,0.0369762,0.406377,0.019542
mp-2723,61ee26e06b5f3ffa9e3b0a83,IrO2,Ir,1.67973,0.0722186,0.409215,0.00449687
mp-9986,61ee26e1397071236e2516f7,CsAuO,Au,1.08696,0.0192031,0.446429,0.0
mp-23096,61ee26e16b5f3ffa9e3b0a97,LuSeClO3,Lu,0.397157,0.0937401,0.392445,0.0841452
mp-23100,61ee26e16b5f3ffa9e3b0a9b,Sr2LuBiO6,Lu,0.464179,0.0480853,0.221314,0.0332433
mp-24164,61ee26e16b5f3ffa9e3b0aa2,CuH2(SeO3)2,Cu,7.79912,0.331138,0.693623,0.0960802
mp-18988,61ee26e26b5f3ffa9e3b0aaf,Li2MnO3,Mn,5.01287,0.0690223,0.690679,0.00845695
mp-3748,61ee26e26b5f3ffa9e3b0ab6,AlCuO2,Cu,6.34965,0.238137,1.638,0.0416389
mp-19147,61ee26e3397071236e251716,NiCO3,Ni,5.65314,0.162333,0.345504,0.0482744
mp-23595,61ee26e3397071236e25171a,CoBiPO5,Co,5.08043,0.200199,-0.0504174,0.0707648
mp-19882,61ee26e36b5f3ffa9e3b0abe,MnBPbO4,Mn,5.06029,0.106917,0.647588,0.0224027
mp-1080749,61ee26e36b5f3ffa9e3b0ac7,CsFeO2,Fe,4.83344,0.0903636,0.389416,0.0179017
mp-559240,61ee26e46b5f3ffa9e3b0ada,Li2MnSiO4,Mn,3.51375,0.154407,0.517126,0.0651064
mp-23880,61ee26e46b5f3ffa9e3b0ae3,FeH4(ClO)2,Fe,3.42283,0.197738,0.205068,0.0609588
mp-30240,61ee26e5397071236e251732,Ca2CoO3,Co,4.93467,0.210445,0.182159,0.0467685
mp-505271,61ee26e5397071236e25173b,Ni(SbO3)2,Ni,6.1211,0.356392,0.303748,0.0875256
mp-22224,61ee26e56b5f3ffa9e3b0ae6,MnSeO3,Mn,4.43414,0.228197,0.507736,0.0893127
mp-1079680,61ee26e56b5f3ffa9e3b0aeb,CaFeO2,Fe,4.98031,0.0878946,0.45089,0.0237219
mvc-15009,61ee26e56b5f3ffa9e3b0af3,MgMn2O4,Mn,5.1256,0.0971916,0.61795,0.020432
mp-1105628,61ee26e56b5f3ffa9e3b0af7,NaMn(GeO3)2,Mn,5.56052,0.104391,0.537235,0.0154943
mp-18921,61ee26e6397071236e25173e,NaCoO2,Co,4.90329,0.0907771,1.12318,0.00971177
mp-23114,61ee26e6397071236e25174e,Sr2Co(BrO)2,Co,5.88246,0.212266,0.543788,0.0397605
mp-18943,61ee26e6397071236e251753,BaNiO2,Ni,5.92757,0.101308,0.906476,0.00853829
mp-735545,61ee26e66b5f3ffa9e3b0afa,Rb2FeH2Cl5O,Fe,4.23884,0.112405,-0.495033,0.0473718
mp-1103006,61ee26e7397071236e25175f,Ni(N3O2)2,Ni,6.87505,0.119838,0.970918,0.0076249
mp-1080031,61ee26e7397071236e251762,Co(ClO3)2,Co,6.11176,0.360696,0.670165,0.00693419
mp-24008,61ee26e86b5f3ffa9e3b0b1e,K2FeH2Cl5O,Fe,4.29838,0.129446,-0.326708,0.061418
mp-24555,61ee26e86b5f3ffa9e3b0b1f,MnTl2H2OF5,Mn,5.28883,0.0923223,0.633776,0.0166001
mp-1193774,61ee26e86b5f3ffa9e3b0b23,MnPCO4,Mn,4.64914,0.176723,0.595908,0.0736265
mp-542187,61ee26e86b5f3ffa9e3b0b27,Sr2MnClO3,Mn,5.3236,0.099844,0.0757244,0.0163248
mp-21971,61ee26e86b5f3ffa9e3b0b2a,Ca3Fe2(GeO4)3,Fe,4.02304,0.144855,-0.16404,0.0549716
mp-5050,61ee26e9397071236e251777,Rb(OsO3)2,Os,2.4562,0.125735,0.477147,0.000369867
mp-21437,61ee26e96b5f3ffa9e3b0b32,Fe2TeO6,Fe,5.44656,0.159597,0.299211,0.0314319
mp-510408,61ee26e96b5f3ffa9e3b0b33,MnO2,Mn,5.18033,0.0838359,0.616624,0.00940442
mp-1192859,61ee26e96b5f3ffa9e3b0b3b,NaFePO4,Fe,3.61162,0.113978,0.267554,0.034429
mp-553913,61ee26e96b5f3ffa9e3b0b3f,Fe2PO5,Fe,5.27636,0.0914795,-0.159491,0.028399
mp-4788,61ee26ea397071236e251783,K(OsO3)2,Os,2.59804,0.0966437,0.484758,0.000922364
mp-6880,61ee26ea397071236e251787,Sb2OsC6(OF2)6,Os,1.45833,0.00751758,0.282903,0.0
mp-1192328,61ee26ea6b5f3ffa9e3b0b4f,Fe(CO)5,Fe,4.32142,0.14403,0.634348,0.00455257
mp-19165,61ee26ea6b5f3ffa9e3b0b53,BaFe(Si2O5)2,Fe,4.08639,0.106703,0.594079,0.0375928
mp-18779,61ee26eb397071236e25178a,Na2CrO4,Cr,2.40475,0.0219135,0.542887,0.00342672
mp-22367,61ee26eb397071236e251793,PdPbO2,Pd,3.58096,0.0365697,0.532859,0.00723377
mp-21355,61ee26eb397071236e251796,Cr2TeO6,Cr,3.28908,0.0596381,0.476917,0.0177122
mp-19254,61ee26eb6b5f3ffa9e3b0b67,FeSO4,Fe,4.82732,0.310972,-0.56156,0.06218
mp-4359,61ee26ed397071236e2517ab,Sr2PdO3,Pd,3.099,0.341763,0.687906,0.0265137
mp-22364,61ee26ed397071236e2517ae,CrPbO3,Cr,3.33239,0.0820137,0.590239,0.0120696
mp-632760,61ee26ed397071236e2517af,Na2H6PtO6,Pt,1.2783,0.0226792,0.409282,0.00910069
mp-19028,61ee26ed6b5f3ffa9e3b0b7b,Na3Fe(PO4)2,Fe,3.8929,0.16582,-0.387855,0.0812139
mp-758209,61ee26ed6b5f3ffa9e3b0b7f,Li2FeSiO4,Fe,3.68548,0.099107,0.256686,0.0100197
mp-1103779,61ee26ee397071236e2517ba,MgCr2O4,Cr,3.17708,0.0645535,0.589088,0.0192193
mp-23341,61ee26ee397071236e2517bb,Bi2Pt2O7,Pt,1.52171,0.0185658,0.385194,0.00536022
mp-19017,61ee26ee6b5f3ffa9e3b0b8f,LiFePO4,Fe,4.10229,0.157612,-0.461844,0.0503447
mp-1285,61ee26ef397071236e2517cf,PtO2,Pt,1.49517,0.0172595,0.428457,0.00605381
mp-1078868,61ee26ef397071236e2517db,Sr2MgReO6,Re,0.489607,0.205113,0.320557,0.0261138
mp-540813,61ee26ef397071236e2517df,K3ReC4(N2O)2,Re,0.587305,0.0178024,0.212606,0.00660038
mp-550893,61ee26ef6b5f3ffa9e3b0b9b,HfO2,Hf,3.49294,0.111748,1.07997,0.0489442
mp-7228,61ee26f0397071236e2517e3,ReO2,Re,0.960243,0.0186824,0.493821,0.00270069
mp-19276,61ee26f06b5f3ffa9e3b0ba6,BaMoO4,Mo,2.1659,0.0202975,0.454747,0.00599489
mp-13108,61ee26f06b5f3ffa9e3b0ba7,SrHfO3,Hf,3.33239,0.0738439,0.813953,0.0361359
mp-6798,61ee26f1397071236e2517ef,Ba2NaReO6,Re,0.633461,0.0178092,0.207148,0.00647258
mp-556859,61ee26f16b5f3ffa9e3b0bbf,HgO,Hg,0.892857,0.0607548,0.201613,0.0
mp-18938,61ee26f16b5f3ffa9e3b0bc2,Tl2MoO4,Mo,2.23377,0.0393362,0.447311,0.00661931
mp-18914,61ee26f16b5f3ffa9e3b0bc5,K2MoO4,Mo,2.22073,0.0331705,0.443254,0.00486818
mp-19230,61ee26f2397071236e2517f6,K3NaCr2O8,Cr,2.34164,0.0159764,0.551229,0.00312208
mp-647813,61ee26f2397071236e2517fa,Cs2CrO4,Cr,2.41668,0.0214848,0.548544,0.00363051
mp-3319,61ee26f26b5f3ffa9e3b0bd2,Mg(RhO2)2,Rh,1.46119,0.0220194,0.371722,0.00625802
mp-554803,61ee26f26b5f3ffa9e3b0bd5,VPbClO3,V,3.93735,0.0538704,0.650159,0.0077472
mp-6520,61ee26f36b5f3ffa9e3b0be6,Ba3MgRu2O9,Ru,3.77896,0.209288,0.773522,0.00405352
mp-1197783,61ee26f4397071236e251815,ReBi3O8,Re,0.452981,0.0136053,0.212807,0.00739329
mp-5024,61ee26f4397071236e251817,ZrP2O7,Zr,4.75524,0.125745,0.609185,0.0304976
mp-5628,61ee26f46b5f3ffa9e3b0bed,K(RuO2)4,Ru,3.71456,0.221275,0.499522,0.0124009
mp-1214138,61ee26f46b5f3ffa9e3b0bfa,Ca5V3O13,V,3.37894,0.0435933,0.601186,0.00594311
mp-4156,61ee26f5397071236e25181b,Li2ZrO3,Zr,4.36927,0.0987821,0.767175,0.0270479
mp-8054,61ee26f56b5f3ffa9e3b0c09,NaSc(GeO3)2,Sc,2.54969,0.0719567,0.54304,0.0360625
mp-19179,61ee26f56b5f3ffa9e3b0c0a,Ba2V(SiO4)2,V,4.17079,0.0687416,0.712859,0.010534
mp-6782,61ee26f6397071236e25182d,Li2ZrTeO6,Zr,4.42538,0.114771,0.765114,0.0303267
mp-1017,61ee26f6397071236e25182f,Zr3O,Zr,4.60407,0.0756572,0.769189,0.00828258
mp-556224,61ee26f66b5f3ffa9e3b0c16,Sr5V3ClO12,V,3.39963,0.0399604,0.611077,0.00568848
mp-6694,61ee26f7397071236e251835,Cs2Zr(SiO3)3,Zr,4.69965,0.107824,0.609185,0.0305588
mp-1180540,61ee26f76b5f3ffa9e3b0c26,LiSc(SiO3)2,Sc,2.63341,0.0770248,0.54304,0.0375784
mp-540864,61ee26f86b5f3ffa9e3b0c39,VBiO4,V,3.85948,0.0456787,0.617882,0.00713282
mp-560699,61ee26f96b5f3ffa9e3b0c4d,VBiPbO5,V,3.6667,0.0685312,0.601815,0.00884341
mp-6169,61ee26f96b5f3ffa9e3b0c5a,Ba3Ta6(Si2O13)2,Ta,3.75629,0.0718225,0.612643,0.0120773
mp-4170,61ee26fa6b5f3ffa9e3b0c71,NaTaO3,Ta,3.35339,0.0705309,0.661587,0.0153193
mp-3858,61ee26fa6b5f3ffa9e3b0c75,NaTaO3,Ta,3.65704,0.0699156,0.565926,0.0140501
mp-1188729,61ee26fb6b5f3ffa9e3b0c81,V(PO3)2,V,4.5405,0.134751,0.749815,0.00949789
mp-19084,61ee26fb6b5f3ffa9e3b0c85,BaMg2V2O8,V,3.50658,0.0459927,0.595899,0.00659687
mp-556491,61ee26fb6b5f3ffa9e3b0c8d,NaLiV2O6,V,3.4011,0.0480531,0.653692,0.00690658
mp-19365,61ee26fb6b5f3ffa9e3b0ca2,Ba3V2O8,V,3.47008,0.0372667,0.592168,0.00516355
mp-9650,61ee26fc6b5f3ffa9e3b0ca5,MgTa2O6,Ta,3.82353,0.0604553,0.571704,0.0192101
mvc-5096,61ee26fc6b5f3ffa9e3b0cb6,WO3,W,1.88651,0.0235,0.387865,0.00668196
mp-18933,61ee26fc6b5f3ffa9e3b0cba,Li2WO4,W,1.8003,0.02525,0.395422,0.00871491
mp-18803,61ee26fc6b5f3ffa9e3b0cbd,Na2WO4,W,1.63201,0.0250479,0.384013,0.00663532
mp-4651,61ee26fc6b5f3ffa9e3b0cbe,SrTiO3,Ti,4.96828,0.088832,0.614845,0.0123291
mp-1840,61ee26fc6b5f3ffa9e3b0cc1,TiO2,Ti,4.63687,0.0879194,0.630653,0.0194811
mp-18780,61ee26fc6b5f3ffa9e3b0cc2,K2WO4,W,1.62846,0.0208608,0.374868,0.00640152
mp-19443,61ee26fd6b5f3ffa9e3b0cd6,WO3,W,1.8044,0.0225434,0.414435,0.00791093
mp-18864,61ee26fd6b5f3ffa9e3b0cda,Rb2WO4,W,1.55025,0.0167203,0.36452,0.00709301
mp-6661,61ee26fd6b5f3ffa9e3b0ce6,BaTi(SiO3)3,Ti,4.91223,0.100023,0.608362,0.0119389
mp-18764,61ee26fe6b5f3ffa9e3b0ced,Ba2SrWO6,W,1.89372,0.0226486,0.360577,0.00701483
mp-18848,61ee26fe6b5f3ffa9e3b0cf1,Sr2MgWO6,W,1.73891,0.0207218,0.351393,0.00759854
mp-19426,61ee26ff6b5f3ffa9e3b0d05,CaWO4,W,1.66974,0.0184181,0.364568,0.00597024
mp-19342,61ee26ff6b5f3ffa9e3b0d09,WO3,W,1.75161,0.0263277,0.481777,0.00782942
mp-27985,61ee27016b5f3ffa9e3b0d35,YClO,Y,4.86443,0.21591,1.01746,0.0864628
